{
  "0": {
    "precision": 0.9473684210526315,
    "recall": 0.9473684210526315,
    "f1-score": 0.9473684210526315,
    "support": 19.0
  },
  "7": {
    "precision": 0.9666666666666667,
    "recall": 0.9666666666666667,
    "f1-score": 0.9666666666666667,
    "support": 30.0
  },
  "accuracy": 0.9591836734693877,
  "macro avg": {
    "precision": 0.9570175438596491,
    "recall": 0.9570175438596491,
    "f1-score": 0.9570175438596491,
    "support": 49.0
  },
  "weighted avg": {
    "precision": 0.9591836734693877,
    "recall": 0.9591836734693877,
    "f1-score": 0.9591836734693877,
    "support": 49.0
  }
}